FID,Cropland,Forest,Shrub,Grassland,Wate,Wetland,Barren,Impervious,Snow,Pop,Light,P_gdp,AP__mean,BD__mean,CEC__mean,CL__mean,GRAV__mean,PH__mean,POR__mean,TN__mean,TP__mean,tmp_01_mean,tmp_02_mean,tmp_03_mean,tmp_04_mean,tmp_05_mean,tmp_06_mean,tmp_07_mean,tmp_08_mean,tmp_09_mean,tmp_10_mean,tmp_11_mean,tmp_12_mean,pre_01_mean,pre_02_mean,pre_03_mean,pre_04_mean,pre_05_mean,pre_06_mean,pre_07_mean,pre_08_mean,pre_09_mean,pre_10_mean,pre_11_mean,pre_12_mean,pet_01_mean,pet_02_mean,pet_03_mean,pet_03_mean2,pet_04_mean,pet_05_mean,pet_06_mean,pet_07_mean,pet_08_mean,pet_09_mean,pet_11_mean,pet_10_mean,pet_12_mean
0,0.36437183,0.60636176,0.008724397,0.006007926,0.004297108,0,3.97E-05,0.010197243,0,190.5082871,241295,13084.21276,4.546391237,1.209271167,16.3463227,28.78501784,11.77057814,6.345740398,52.98794317,0.204675035,0.057660306,277.9332307,279.4986976,285.3642161,288.6551015,291.6208387,294.8688701,298.12801,297.3995403,294.5588795,288.831049,284.7544617,279.0324547,17.63811611,25.64221063,48.94227384,127.5314859,188.4261522,228.9558714,153.497567,111.0094443,107.6498536,92.71154743,45.32810328,25.4679062,39.7853717,47.15967075,79.75971872,79.75971872,95.19277081,113.5553229,123.9157708,135.3633963,123.2373921,102.329366,51.35872771,70.32558528,36.44747931
1,0.447014093,0.440282652,4.27E-05,0.000158477,0.059908005,0,1.82E-05,0.052575932,0,273.7593286,138665.25,12701.46583,5.28859391,1.204692914,10.42771267,21.74629835,9.630127583,5.810046192,54.31424273,0.145979893,0.052179518,278.8412081,280.1544491,285.9249901,289.7850669,294.0384825,298.8028246,302.3594893,302.2608913,298.448207,291.5452328,286.2538689,278.6746414,37.46079576,93.00186597,113.9551798,191.8313025,166.5313043,285.201256,181.2720691,204.9596929,98.44985584,82.17954914,85.91820737,22.02507208,41.67442066,46.58594713,82.37909594,82.37909594,98.16541428,127.6729277,141.8682146,167.7908837,159.6730872,123.5481034,56.41012091,84.13045915,39.36979223
2,0.37936502,0.526104124,0.002199052,0.072613448,0.007185605,8.62E-05,0.000633115,0.011813316,1.09E-07,178.9064815,346996.5,12167.51919,5.320001943,1.282611295,16.31934685,19.40425763,15.37110717,6.81756615,49.118323,0.159347774,0.064364501,275.6522038,277.4001045,283.702027,287.1790076,290.6978411,293.8231297,296.6817976,296.4088448,292.2062058,286.4813584,281.9180283,276.077621,7.637974429,14.80062934,37.76185657,83.63830816,94.91545574,123.9141974,184.0222212,142.9713055,159.2327057,80.73342236,25.36249157,7.664968949,34.69198588,42.38813153,78.70206718,78.70206718,97.48641391,123.6186858,135.0610028,138.1107386,123.3500832,93.7202973,42.08302937,62.64559279,29.65265655
3,0.753984735,0.056907505,0,2.19E-05,0.120237596,0,2.65E-06,0.068845632,0,348.0169863,14373.75,15681.7375,5.077275779,1.239995121,11.08254963,20.55644556,4.900015811,6.731100037,53.40840048,0.128245183,0.061084425,279.4765145,281.0141379,287.2672972,291.6391653,295.6727453,299.8346628,303.4274945,303.0211554,299.071923,292.3080935,287.6983004,280.4399191,48.26895559,67.72961897,120.0438048,176.7040433,155.4957579,200.5119106,136.2060376,85.06424068,44.6936335,57.86062226,60.86016996,25.21509731,42.08860334,48.42624041,85.84841009,85.84841009,102.5957991,127.8507059,138.9467174,164.0004112,154.0180921,124.300514,58.92816612,83.97406798,41.3296875
4,0.539961906,0.248872142,6.53E-05,0.001474053,0.021881546,0,0.000146405,0.187598601,0,1849.038013,84865.25,19329.5,6.360966667,1.228613838,13.41119059,22.86687677,14.28618529,6.346424791,48.45287318,0.151266773,0.04834408,281.2967907,282.8367255,288.8308553,291.9994664,295.4009784,298.2182701,301.8345019,301.8167507,297.7545064,291.7563223,287.7775793,281.6791728,15.74903647,22.19169137,44.02347317,103.6833827,148.2522606,197.3630077,194.7285799,128.1368515,153.3386155,92.50114883,43.29935517,22.77415505,43.82474059,52.20761192,88.82038245,88.82038245,106.1749629,127.5761562,136.7293359,132.0410762,120.4494441,97.39922917,47.60787874,65.28124074,34.51022087
5,0.805333957,0.133065261,0.000369219,0.005360528,0.008941592,1.29E-06,0.00021227,0.04671588,0,507.1192197,253441.5,14060.55675,5.774517121,1.261086505,14.50856181,22.3035556,14.83224794,6.786386085,47.58032853,0.135194012,0.052747294,280.0584835,282.0750403,287.7682003,291.3951313,294.8758484,297.5178077,300.3597237,300.2806021,296.2764715,290.933625,286.5886938,281.1727578,10.77312298,16.58606428,29.57548542,66.25021608,104.7673154,158.6713289,258.6307147,180.4752062,156.9238937,59.81387562,30.14505904,10.46551525,41.27313287,50.2998775,84.88499072,84.88499072,103.2909855,127.4215663,135.6178838,137.9299935,124.4273198,99.03155092,49.02962673,68.21991981,35.64640575
6,0.485684611,0.477508144,0.001861798,0.000431795,0.009092567,0,2.31E-05,0.025397948,0,297.257116,67324.75,17656.12112,5.849954553,1.242361689,14.72104112,23.80056608,12.48380312,6.30101177,49.28120872,0.160111554,0.053118161,280.1550147,281.674613,287.7277933,291.0072049,294.2596801,296.914676,300.6214892,300.2838467,296.600575,290.8289181,286.7912646,280.8889037,16.63065704,23.26001379,43.5086242,103.988429,167.0156583,202.8624123,172.620507,115.386148,127.2429816,85.61390995,42.76779202,24.00136609,42.61331934,50.44894567,86.00813855,86.00813855,102.7326106,123.3530972,131.7937617,130.6169304,119.0550852,97.26774032,48.44096065,65.79282022,34.52762408
7,0.496643961,0.483392305,0.000201925,9.03E-05,0.004503224,0,3.68E-07,0.015167921,0,267.0172068,16559,14086.57576,4.639585853,1.207632065,14.34693666,25.45771702,11.87155947,6.263120829,49.19364658,0.179418034,0.050415362,279.8207297,281.8800425,287.7306795,291.3398031,294.3456409,296.7783282,300.1850232,299.8305907,296.4405367,290.7569653,286.5697915,281.075305,13.79870656,23.14874517,27.79728958,70.63144402,138.1018378,209.1674363,193.8354517,155.1198571,130.8146525,71.01566795,38.6426834,16.47714286,42.96913514,51.95391506,85.62329344,85.62329344,104.1617915,125.6996023,132.8655019,142.3061931,129.5562471,105.083,54.73688803,73.99419305,38.49300386
8,2.56E-05,0.014196897,0.001426983,0.883041803,0.008188576,0.008439155,0.084651647,3.54E-07,2.90E-05,1.311024696,6657.5,6025.511927,5.598927956,1.186445807,15.54623194,14.33514248,16.88940561,7.539022833,53.18828574,0.262827314,0.075166526,256.8540119,258.9583124,264.303638,268.0302196,272.8467319,277.2919348,280.1560795,279.8848562,276.1801626,269.9694333,262.0768415,257.9801933,2.203906705,3.730481875,5.258817752,13.25822335,45.33469899,83.5236157,110.0160067,84.93357049,66.9803012,18.94888559,2.520105777,2.47899118,3.679655726,8.193371491,27.72389009,27.72389009,42.81049114,66.25749399,83.14990297,115.4038398,104.2523782,73.00464708,14.85568068,41.35546316,5.586265278
9,0.385117645,0.498754609,7.27E-05,0.000837491,0.05783043,0,7.95E-05,0.05730767,0,310.0563577,122429.5,15885.12741,5.50109526,1.254967557,10.75726766,23.7685471,6.507153664,5.695168321,55.6735658,0.153320725,0.062290933,278.9066669,280.5484683,286.9776225,291.020298,295.2354559,299.4775603,302.920975,302.6040299,298.7480623,291.9355385,287.0572497,279.5341185,48.55454855,96.09974067,126.4164808,209.008188,187.0879065,266.7774535,205.0232866,139.7067339,51.29449376,59.82387525,72.91796301,24.72313998,43.08503535,49.05178134,87.61776876,87.61776876,104.6493531,133.9534869,145.8051216,170.0772058,160.8441548,127.1285073,59.1195365,86.24737849,41.47848013
10,0.206581551,0.778047371,0.000284148,0.001550083,0.009410956,0,0,0.004125891,0,110.146257,2478.25,16848.25,4.893714709,1.289151531,17.63345428,24.36730172,10.60380846,6.452169352,52.91243982,0.204789975,0.07817543,276.7211906,277.983791,284.1266745,287.6781397,290.8311788,294.6816309,297.731924,297.5267833,293.8024866,287.7761889,283.7576859,277.2669206,25.705643,35.60936872,66.97749498,117.5834729,135.5332217,154.4882786,183.8165271,143.6956547,149.2821584,95.99560449,48.71248326,19.0371651,38.44111688,45.04413932,81.02372739,81.02372739,98.05516577,120.7184528,136.0967013,145.6976055,133.9291109,104.9498409,49.68653717,71.27824012,34.78506363
11,0.29106143,0.642254908,0.000132814,0.000283947,0.025261815,0,5.31E-05,0.040951938,0,204.4583583,523633,14305.25483,4.383123953,1.278304002,8.911121825,30.47034348,4.020574702,5.245081428,56.11966101,0.147449924,0.042010122,280.5998413,282.213886,288.0302139,292.1134833,295.5831579,299.1887579,302.6997804,301.9682714,299.4602151,293.1565316,288.3766231,281.2764376,54.97602951,126.4926014,155.8475723,246.991986,264.8807827,306.8596064,143.0583809,137.3283128,59.66909034,54.76202855,98.86476094,30.47630613,47.91140098,53.72364986,91.3077637,91.3077637,106.6761778,130.7318779,136.4222067,172.1050117,162.7458877,135.3674466,65.81146884,94.05886461,48.35224052
12,0.034725326,0.46472531,0.008349263,0.469164901,0.004039674,0.004680579,0.014071792,0.000241109,2.05E-06,15.85806407,47759.25,10515.77269,7.789748014,1.229781248,19.32106492,16.85701042,14.41444695,6.444494584,53.65099833,0.329890256,0.090743437,268.7455748,270.4344039,273.9937153,276.2426595,280.7471575,284.2502677,285.5813226,285.2167325,283.7770911,279.2015403,273.420492,270.1885837,4.941597231,15.51417056,19.06559181,45.8090273,50.66234518,119.0116426,125.6217329,107.1812281,86.27303094,46.90414213,8.762588438,5.420369018,27.04188636,32.30142321,54.9041351,54.9041351,67.82610674,91.91379728,102.6658263,132.6169869,121.8289354,99.36642075,43.98345197,69.29460236,32.01939113
13,0.134804277,0.456686172,0.014547959,0.359367951,0.005317926,0.00444101,0.012512434,0.012321349,9.22E-07,113.7200339,272243,12000.32608,7.287241842,1.233957185,19.20653749,17.28822742,12.59177314,6.385383727,52.42126956,0.304346566,0.084984415,269.509288,271.3245356,276.402455,279.1791049,282.9350903,286.140453,288.9834463,288.7251628,285.5658796,280.0785825,274.9725744,270.4688226,7.005662531,12.67142528,22.45280215,56.17595787,96.1175919,158.265026,170.490471,146.807396,131.0147987,63.15757581,19.26349182,5.514225525,26.55163553,33.27878238,60.98000245,60.98000245,76.85447437,100.4407955,110.883508,133.7745288,121.562854,93.6425739,39.62358467,62.56051173,27.08214971
14,0.412949174,0.514386299,0.000102988,0.000297677,0.032053545,0,2.30E-06,0.040208022,0,236.619593,91509.25,16323.91878,4.817857587,1.264190102,13.30014391,19.97428599,9.846620225,6.308788015,52.02745187,0.141156797,0.075668237,278.3293358,279.9104019,286.2252478,290.4741055,294.0958885,298.2736073,301.3053033,300.9758711,297.0845856,290.6253156,286.1802186,279.1550216,28.52790397,37.67295014,75.76407391,121.2495671,115.2828513,124.1775154,187.1313817,104.1009571,79.75920222,59.42411851,37.70874452,12.79384389,41.84656009,48.84620801,87.58843365,87.58843365,106.2309018,132.5560727,147.6157639,160.8980362,149.3296409,118.2210789,55.79413468,80.40627608,39.00067677
15,0.137702774,0.840071097,0.001057527,0.00076017,0.01398932,0,0,0.006419112,0,76.99912993,6091.5,17098.79474,5.384015259,1.250731854,14.81867503,21.7474092,9.963483285,6.283903701,53.4584525,0.176705478,0.087322905,276.5691629,277.8843852,284.14445,287.8264883,290.8656701,294.871552,297.9508034,297.6156754,293.9014566,287.7952113,283.8642741,277.3133205,28.60556317,34.90171742,75.42393847,131.0066985,121.7024075,142.864066,192.8712148,115.7903224,110.3873643,74.52165209,38.47756032,12.60495996,38.58684543,45.19310136,82.074057,82.074057,99.17375408,122.4096117,137.6430777,148.0221947,136.3791539,106.6958724,50.54550364,72.40956169,35.30159098
16,0.251850396,0.72800666,0.001004556,0.001115953,0.010284673,0,5.17E-07,0.007737245,0,157.8096204,23680,19122.86,4.379658392,1.243889563,15.65260595,26.17346227,12.78773835,6.393063255,50.22058376,0.168276998,0.052416351,277.8501194,279.2092525,285.3493029,288.8688479,292.1637285,295.6566737,298.7668435,298.8613057,294.6887317,288.6905232,284.5197498,278.2029168,21.3113219,29.81437764,74.18425577,141.9222863,142.3285895,166.075849,195.3356289,131.8964056,176.3389682,107.495689,46.64101641,19.05451495,39.38701007,46.55772424,82.92676227,82.92676227,100.6969142,123.1302267,136.469489,138.5065063,128.0249253,100.0951414,46.90861391,67.39444589,33.54843273
17,0.164936399,0.822892044,0.000627216,0.001233005,0.003677589,0,9.98E-07,0.006632748,0,113.6190334,25185,16780.17521,5.100042545,1.26675893,16.20958205,21.76581069,6.560490331,5.94841733,53.19973927,0.218054721,0.079515688,276.941119,278.2636092,284.374171,287.924076,290.973818,294.8095924,297.9561002,297.6071894,294.0940542,288.0227298,284.053422,277.7007632,30.0827594,37.77203247,83.31548966,145.8586046,163.8627855,190.9450117,203.3444622,127.5306339,128.5337536,91.79313226,50.63316529,22.49655426,39.26145559,46.01486355,81.98203506,81.98203506,98.92733818,120.6398614,134.8627758,144.7040136,133.5387107,106.9438555,50.79037523,72.09982512,35.72538106
18,0.609230384,0.347708263,0.000201594,0.000388424,0.014685003,0,8.25E-06,0.02777808,0,313.271365,97826.75,17729.43048,5.182776972,1.216319518,13.91997304,23.894608,14.41599923,6.376923552,48.72330599,0.156857453,0.049037178,280.4554051,281.9536567,288.0535435,291.3003516,294.8390474,297.7393124,301.3607209,301.2223288,297.3208,291.2422726,287.1369088,280.9429836,16.56741904,21.29266938,51.9104959,125.1109526,155.7504807,189.7337089,179.6125479,125.8744567,159.1235698,103.6670795,49.40244887,23.75610818,42.46707814,50.41268776,86.88091243,86.88091243,104.4194658,125.4695643,135.5438532,131.7587315,119.9507204,97.3957308,46.7514821,64.83900341,34.11980665
19,0.700799786,0.011132017,0,5.03E-06,0.164312399,0,4.49E-06,0.123746282,0,349.0865654,85114.75,26556.01744,5.8388233,1.189259849,11.09767253,26.43895522,7.364962203,6.530906127,53.58993359,0.152193473,0.057026231,276.8018032,278.4189747,284.9580764,289.515706,294.2508826,299.1230279,302.0604843,302.0416376,297.8051318,291.1217613,285.6774488,277.5061805,27.9753187,46.98439202,45.11026095,65.34734419,65.57312051,112.2316245,335.8343212,145.6813031,137.1602037,44.39611026,56.20348115,14.81217041,35.96036991,41.58611898,77.57599695,77.57599695,96.08157823,127.9759779,146.2293719,165.9656434,156.5059408,114.9361108,51.75850676,79.87057365,35.54501253
20,0.299844162,0.566458235,0.018244997,0.100015645,0.009357311,0,0.000124045,0.005955515,9.16E-08,151.2668764,275776.5,13163.15861,5.153586745,1.24424866,16.22942872,25.66287846,8.271480598,6.022073747,51.66783275,0.182949824,0.061871383,279.601794,281.8865381,286.7204253,289.2179109,291.3138947,292.78494,294.3833465,293.9068446,291.9615362,288.1631481,284.2471607,280.5701185,8.150801569,12.35739567,12.20226231,38.82954352,80.14066557,188.4274417,151.6427128,152.3559752,127.7770512,64.59755419,24.46899748,9.59241772,44.99223052,52.78096356,82.84821356,82.84821356,99.80477494,119.032428,122.4840584,149.0651755,135.8093044,113.8780409,64.41320865,85.38366922,48.55077293
21,0.720489692,0.24158637,0.000145426,0.000219363,0.011578746,0,4.41E-06,0.025975996,0,367.1611925,67488,14790.07,5.795523951,1.235619081,13.77181573,22.92242926,12.32046703,6.307570359,48.43858871,0.153094827,0.051199574,281.2583964,282.9323945,288.789922,292.3336962,295.3690963,297.8589876,301.2551421,301.02431,297.4247172,291.7601803,287.7166922,282.1757395,16.36408369,26.13026136,32.28036189,77.29927758,143.323976,203.2018214,200.569357,144.5660754,136.8206519,74.3769219,40.69934574,19.80665167,45.24503339,53.82961562,89.70659715,89.70659715,107.804815,129.9545594,137.8010121,134.3287501,122.0947165,99.58763034,50.99760785,68.42847748,36.07644994
22,0.441824235,0.517839366,0.000330742,0.000319437,0.025416294,0,2.58E-06,0.014267347,0,256.775629,24640.25,19329.5,4.461404824,1.227043767,14.48084386,22.76844986,16.06433219,6.563170494,47.31427173,0.137004777,0.056283489,279.6412116,281.2588435,287.191785,290.5844454,293.9418503,297.0521629,300.7632672,300.6141895,296.8513569,290.523284,286.3886386,280.196923,19.1485737,23.33072764,67.81028404,150.5968026,161.6417279,187.239061,179.3396731,119.9069968,165.0508325,110.5534076,51.77893609,24.51636876,41.15333007,49.12936867,84.82909933,84.82909933,102.3024139,122.7656566,133.9266446,132.8835149,121.608823,98.69773098,46.49399078,65.29438459,33.85315459
23,0.509377007,0.350793546,2.96E-05,9.52E-05,0.062724613,0,8.49E-06,0.076971606,0,348.7282401,359824.75,16178.88202,5.527976753,1.181856827,9.567822964,24.78725011,8.504030028,5.714013946,54.44093673,0.147702272,0.047743671,278.0790799,279.5301177,285.6171286,289.8064428,294.1743568,298.9110051,302.343714,302.2902059,298.2096103,291.2740667,286.0326415,278.343122,38.04393946,87.30170572,91.76027256,146.8881106,139.687396,227.2188028,204.6393131,174.8505976,113.1231414,77.14652053,78.46285531,19.77243186,39.68864183,44.75724172,80.79308885,80.79308885,97.58392496,127.5538398,142.655432,167.1592038,158.7938102,120.6324795,55.00834252,82.66094664,38.28395588
24,0.691706741,0.076323638,3.86E-07,4.92E-05,0.050377701,0,2.92E-05,0.181513129,0,663.3339098,431407.25,23283.93231,5.884777952,1.241748364,10.13073898,21.91569286,8.745268296,6.395556855,53.27673423,0.133047304,0.053494495,277.4366062,278.8810473,285.2046956,289.8065367,294.4789358,299.2838395,302.4704167,302.5151982,298.2227429,291.3446803,286.0096238,278.0575591,32.3850821,60.52998932,60.1894173,83.57922618,82.24135073,144.6467661,282.747893,149.7725804,122.7394696,54.08697882,65.22366729,14.88985449,38.56363191,44.01065167,80.58255462,80.58255462,99.69943821,131.8496507,149.6806067,170.5508577,161.3754138,119.9053286,54.42909825,83.21421929,37.69634673
25,0.561073099,0.243779132,3.00E-07,8.75E-05,0.145791735,0,2.50E-06,0.049265588,1.00E-07,242.1814656,34873.25,12953.26033,5.091624929,1.213655314,9.207614444,25.20604972,6.217075214,5.809522501,55.3649412,0.137981442,0.05164309,279.5624629,280.7630569,286.9538284,290.9367327,295.2917616,299.7032426,303.5247834,303.310033,299.6907055,292.7190388,287.5015532,279.8346287,48.97645421,105.7322174,138.0536757,226.2424216,191.2141749,284.6351877,160.648488,170.613191,62.61216378,66.98508045,83.20790842,25.82928218,43.56392739,48.16263614,85.72765883,85.72765883,101.7414542,131.3206312,142.8830631,171.350196,163.2454064,129.1821906,59.70994018,87.4779868,41.72629538
26,0.307144595,0.640982082,0.000569422,0.003821298,0.01520979,0,8.86E-06,0.03226395,0,159.2486154,347875.5,13470.94772,5.239830381,1.304834288,15.22165833,20.14495496,12.3540719,6.567350843,52.8461854,0.154295659,0.071101247,276.1515469,277.6644277,284.2461015,288.4709246,292.0832361,296.3476155,298.6723813,298.2509091,294.0067561,287.8878945,283.1541432,276.5424074,15.91988381,26.75945227,51.51009225,101.6616421,88.30603816,93.46353326,173.0739981,121.1426551,139.5274873,83.75527799,33.96642324,8.628411871,37.63605669,44.6259911,83.78746606,83.78746606,103.7784869,132.4472586,151.0443312,156.8154187,142.7311704,107.1330175,48.59200231,72.87854726,34.21473437
27,0.34712947,0.641403506,0.003175913,0.001131162,0.001538586,0,2.04E-06,0.005619325,0,172.526874,31698,13439.09639,4.728199396,1.205195662,16.18597349,27.51691638,11.70022925,6.350081576,50.89290465,0.191944944,0.059297549,278.4358246,279.9782552,285.9849817,289.5115312,292.4702082,295.2488167,298.6685612,298.2413668,295.132026,289.3861053,285.2896471,279.6387932,13.73872756,20.36247164,37.26293639,100.6108137,175.5817434,220.557015,160.0238466,107.2178506,110.0298057,78.73202997,37.86479041,21.1117352,40.14123741,47.58027646,80.56275526,80.56275526,97.05105888,116.3824728,124.8232634,132.5685124,120.9014808,99.08383623,50.65950699,68.51325385,35.34488973
28,0.623890802,0.270153093,6.68E-06,0.000821641,0.046695325,0,4.53E-05,0.058387113,0,390.8697998,284867,18820.30457,5.970374719,1.247363953,11.19778517,20.23714748,8.816100205,6.089142163,54.30697153,0.135485693,0.06518248,278.2892249,280.0493529,286.6781169,291.2296567,295.365566,299.7800021,302.7484629,302.357525,298.2339602,291.4352429,286.565567,279.106713,36.93630878,62.9843659,84.45971598,149.3290616,127.3075099,163.0683937,209.4546208,103.8860263,62.86608822,57.0686236,51.7321572,16.69873179,41.03746931,47.82326311,86.27308521,86.27308521,105.2780774,134.7393134,149.8944731,171.2670776,160.3668316,124.8505103,57.90148304,85.50050406,40.64239492
29,0.043555075,0.369667466,0.012825912,0.55543704,0.003000633,0.003038993,0.01172784,0.000736248,1.08E-05,18.48782245,58045,13632.66175,6.686573708,1.221068308,19.21972494,15.55111462,12.80055294,6.384787696,53.49166972,0.32785303,0.08477987,266.6980477,268.7182136,272.9499178,275.5368676,279.8069661,283.0132375,285.2994846,284.8848611,282.5865891,277.4822384,271.4680432,267.7475007,3.771666002,7.292998706,11.21486789,33.46182329,65.58144979,151.05834,135.5238164,113.3426423,109.3392026,48.06388432,7.954188328,3.595865248,22.559192,28.51356401,51.68908938,51.68908938,65.96582591,89.8549176,100.1740352,130.9895964,119.1595793,93.4572195,37.67781441,62.93454522,25.6079453
30,0.686359338,0.176077833,1.20E-05,7.27E-05,0.086755476,0,7.39E-06,0.050715289,0,328.4453374,147400,16574.16946,5.615889104,1.22608819,10.6676629,24.18318082,5.846440128,6.048604337,54.60122741,0.138006345,0.054309114,279.2809649,280.848087,287.1898612,291.6000286,295.6691842,299.8538758,303.3303836,302.9369365,298.989301,292.2116551,287.4652739,280.1153177,46.5059379,72.5027731,115.5566025,184.5932442,161.3862364,208.3149976,165.1040611,87.98877199,44.817267,53.9068544,63.24704158,22.26685002,42.08129928,48.30762855,86.06598743,86.06598743,103.1783754,129.7106678,141.3583083,167.4974998,157.2249183,125.9132623,59.23641755,85.39757312,41.75467097
31,0.317994917,0.642949941,0.000751303,0.000457602,0.015475865,0,3.95E-06,0.022366422,0,227.7186023,659522,12885.13525,4.411855009,1.23407852,11.2188984,27.57575669,7.692365945,5.58842763,54.57938827,0.173170685,0.050004241,279.4849349,280.9647834,286.8013656,290.9219226,294.4953407,298.2541312,301.6798942,300.8770403,297.9206652,291.6663239,287.1697716,280.667151,46.18530848,77.96534492,113.4544604,198.2396344,226.1623551,227.9690123,135.9239153,105.4819302,56.76315701,75.38478106,73.87113569,34.658821,44.73754407,51.60181421,87.22601278,87.22601278,103.5037914,125.3488371,135.1993066,157.3374476,146.6156239,122.3617556,59.72982122,84.23471204,43.55686227
32,0.842586163,0.071912132,2.66E-06,0.000179589,0.050201805,0,0,0.035117651,0,452.0394007,8084.75,14062.33333,6.758968736,1.278537824,13.79464341,22.65033076,12.97685312,6.445203749,48.37400424,0.127597457,0.050003705,281.834042,283.7276229,289.1495307,292.9165516,295.9969906,298.4708448,301.9106433,301.903672,298.0433876,292.4974048,288.3676974,283.1662341,19.32237714,30.68939812,35.15923523,84.16102982,151.6241855,201.8307289,182.7911513,131.6550248,133.6459139,79.75611541,42.44928216,24.0612921,45.99574821,54.70135284,90.5966593,90.5966593,109.4526781,131.2501104,139.2832275,130.9078686,119.5678769,97.5198233,49.60323026,66.49467145,35.96764219
