P_nm,start,end
BM,2021-06-17,2024-12-28
BTG,2021-06-17,2024-12-28
BWQ,2021-06-17,2024-12-28
CJL,2021-06-17,2024-12-28
CT,2021-06-17,2024-12-28
DMZ,2021-06-17,2024-12-28
FSB,2021-06-17,2024-12-28
GGS,2021-06-17,2024-12-28
GTQ,2021-06-17,2024-12-28
HK,2021-06-17,2024-12-28
HLS,2021-06-17,2024-12-28
HMS,2021-06-17,2024-12-28
JJQ,2021-06-17,2024-12-28
JXHK,2021-06-17,2024-12-28
LJG,2021-06-17,2024-12-28
LK,2021-06-17,2024-12-28
NJG,2021-06-17,2024-12-28
PS,2021-06-17,2024-12-28
QJDQ,2021-06-17,2024-12-28
QXC,2021-06-17,2024-12-28
SJY,2021-06-17,2024-12-28
SMZ,2021-06-17,2024-12-28
SPY,2021-06-17,2024-12-28
SWB,2021-06-17,2024-12-28
SXC,2021-06-17,2024-12-28
WC,2021-06-17,2024-12-28
WHK,2021-06-17,2024-12-28
XH,2021-06-17,2024-12-28
XJX,2021-06-17,2024-12-28
YJ,2021-06-17,2024-12-28
YLJK,2021-06-17,2024-12-28
YSG,2021-06-17,2024-12-28
YYL,2021-06-17,2024-12-28
ZT,2021-06-17,2024-12-28
