BM,BTG,BWQ,CLJ,CT,DMZ,FSB,GGS,GTQ,HK,HLS,HMS,JJQ,LJG,LK,NJG,PS,QJDQ,QXC,SJY,SMZ,SPY,SWB,SXC,WC,WHK,XH,XJX,YJ,YLJK,YSG,YYL,ZT
1943.75,35151.54375,1631.2395833333333,20863.89375,11502.666666666666,61.87708333333333,9893.897916666669,9533.81875,1096.2604166666667,33102.30416666667,13818.235416666666,7045.804166666667,2014.1125,3826.325,14095.354166666666,13850.410416666668,13800.835416666669,296.6875,13480.779166666667,1204.5770833333331,5662.127083333334,9598.510416666666,13546.297916666666,37679.82083333333,40021.22916666666,33527.22083333333,3147.6541666666667,302.17291666666665,25591.68333333333,2861.9395833333333,21642.28125,13823.641666666666,9834.7875
4072.7010416666662,52000.815628,3162.771875,36273.281252,20670.815626666667,58.93958333333333,17548.48125266667,16149.540627333334,1752.55,51311.20521,26452.769793333333,7416.371876333334,3718.9354166666662,4086.491666666667,26556.522919333333,26465.725002666662,26394.24271066667,558.34375,24901.183334666668,2812.257291666667,11880.785418333331,16480.834377333333,24962.540627333336,54971.95208533333,57737.915628,50897.385418666665,5116.782291666666,868.846875,43037.50312733334,5182.634375,36217.915627333336,25286.940628,17240.638544
2594.5739583333334,64293.327086,9211.406251,43827.312502,28843.54896133333,1298.58125,19541.721878,16549.439584666667,1476.8979166666666,61098.24687666666,34071.30937733334,4908.346875,3960.990625,5074.296875,35721.355209999994,34417.647919333336,33922.68646066667,908.771875,32025.466668666668,8078.623959,11181.06771,18225.250002666668,32397.31146133333,66800.98646066667,76296.49687733334,61852.71458666667,8101.448958666666,921.5989583333334,55366.93541866667,4628.970833333334,45051.74375266667,36000.934378,19126.877086666667
1305.765625,37318.507294,2629.702083333333,25546.589586,17821.36875266667,519.5916666666667,15131.304169333334,13456.477086,1205.0104166666667,33793.544794,21003.002086,1884.1875,3363.4635416666665,3785.7447916666665,21840.05937733333,21175.426043333333,20929.412502666662,351.5083333333333,19487.26562733333,12915.494794666669,9462.091668,14287.497918,19870.16666933333,41222.646878,57765.29687866666,34676.631252666666,3507.282291666667,428.71979166666665,31043.43646133333,3213.6822916666665,26530.45208533333,22534.722920000004,14828.591668666666
3323.945833333333,46786.7349,4091.1244792,33349.29218933333,22745.41771066667,724.9177083333333,18616.362502666667,16391.103128,1371.15,47231.60885666667,28648.982294666665,2823.5260416666665,4222.551041666667,4810.482812533333,30159.92187733333,28881.821356666667,28553.21250266667,1243.9645833333334,26685.65521133333,5880.603645866667,11415.408335666669,17283.75156466667,27191.494795333336,48895.19687866667,54380.44114933334,46651.315105333335,8243.067709333332,934.9369791666668,44489.299482,3700.8635416666666,33452.54219,29215.733856666666,18099.61614733333
2373.444792,69865.701042,10458.958854866669,49595.684898,35168.361979333335,1192.8041667666666,24645.39687666667,22296.95573,1364.725521,70111.872918,41443.98437666667,3616.7546878,5599.5130211333335,6838.393750333334,43541.698438666666,41900.93906333333,41265.838022,1275.6755209,38284.25468733333,6940.331250333334,15259.895314,23842.952606000003,38816.149478,70996.782814,78006.26927133332,69937.32448,15306.929687333331,484.5078125,66307.30416866667,5671.167187800001,49831.484376,43165.103646,24315.502606
2376.859896133333,52214.534898,8014.980729533333,39329.89583466667,29923.559897333333,1031.9364584666666,21739.384896,18749.33333466667,1206.4552085333337,50903.46718666667,35141.322918000005,1607.8348960666667,4538.562500266667,5725.378125266667,36062.33385533334,35305.97343666667,35080.877084,376.396875,33513.78020933333,6681.210937733334,12774.600002,20333.36302266667,33968.56875133333,52900.381250666665,59785.15468933333,51384.85781333333,8379.1875004,559.2020833333333,48944.73021,4704.0968754000005,39894.84010533334,36639.614064,21020.631772666668
1065.7718751333334,44987.854168666665,10932.694271866669,31375.581250666663,26116.11771066667,988.2119793,15186.31875,13527.906771333332,1083.508854466667,43361.13854333333,28138.670834666664,961.0203126333332,3116.3213544,5173.8666668666665,28701.640626666667,28250.97135533333,28102.846877333337,256.70625,27425.39166933333,3555.6192710000005,8246.1208336,14711.434375333334,27573.962502,46075.277606,51141.42135533333,43800.83125066666,9124.098438333334,211.62291666666667,41850.111458666666,3344.5515628000003,32071.426042666662,29094.64323,14992.429688666663
1355.324479333333,34194.104688,5577.530208666667,23438.410938666668,16729.883334,324.3041666666667,11040.993230733333,9967.144270666668,945.3041667333332,32391.368232,19542.22812533333,721.1947916666667,2431.776042,3355.1343752666667,20446.021354666667,19712.443751333336,19485.196876,283.2338541666667,18540.670314,3514.7864586,6509.4838544,10470.8067712,18962.166668,35286.13073066667,39859.24322866667,33023.99427266667,5891.9932294,287.5145833333333,31095.180208666665,2646.1385419333333,24303.48698133333,21337.896877333336,10818.013022533332
1188.4765626333333,21517.187501333337,1672.0770836000002,15495.410418,10565.0177084,163.74479166666666,8850.854687333334,7967.960937733334,778.2208333333333,20301.80312666667,12522.685417333332,741.8015625,2010.391146,2562.2177085333333,13012.163022666668,12612.078646666669,12492.247918,221.9140625,11979.100001333334,2655.193229533333,5284.6489586,8335.145833866667,12188.750521333332,22429.738543333333,25847.841146,20696.453646666665,2667.4750004,252.9645833333333,19165.262500666668,2006.8979169333331,15943.946355333335,13333.639584666667,8667.5281254
1131.9593751333334,17855.273438666667,1187.2395834666668,13130.437501333334,7143.9390628,113.18697916666666,5922.8229169333335,5296.325000266666,572.8479166666667,17169.684375333334,9044.2291678,844.7572916666667,1362.4244794,1871.6244794,9594.102604266667,9133.4494794,9014.261459133331,242.58072916666663,8497.560416533333,1502.2895836,3359.638021,5537.970312666667,8707.549478866666,18367.184896,20252.316146666664,17436.108854666665,1921.4083335333332,187.4703125,16003.830210000002,1315.9067711333332,13608.277606,10026.182813866668,5775.463021133333
931.4005208666666,13976.388023333331,897.7916666666666,10655.903647333333,5872.169791733334,77.11145833333333,4953.747395866667,4408.414062533334,390.9114583333333,13495.058856,7399.142708400001,864.5036458333333,1063.5145834,1486.3635417333332,7822.347916733333,7472.318229266666,7374.600000066667,212.23645833333333,6980.56875,1218.9401042666666,2865.222395866667,4592.206770866667,7152.392708400001,14369.439585333334,15814.570835333334,13689.142189333334,1245.2203126,194.65104166666663,12450.097918666666,1132.5125,10901.754688666666,7979.769270866667,4821.989062533334
823.9260416666667,11383.200002666668,906.6416666666668,8514.009375,4990.670833333334,77.9375,4071.711458333333,3617.4479166666665,247.41041666666663,11039.959378,6246.8,681.6520833333333,805.6760416666667,1254.9697916666669,6564.597916666667,6296.694791666667,6227.83125,208.025,5937.036458333333,812.128125,2309.365625,3780.148958333333,6039.44375,11630.37917,12574.923962,11194.458336000002,1227.9104166666666,166.9125,10218.262501,939.1333333333332,8715.56875,6631.152083333333,3968.8729166666662
860.7677083333333,10060.446875,814.8822916666667,7774.247916666666,4507.170833333334,85.15,3682.564583333333,3232.9802083333334,138.48645833333333,9859.343750333332,5694.177083333333,545.6770833333334,614.7520833333333,1177.1854166666667,5982.382291666667,5734.365625,5678.95,206.86041666666668,5465.411458333333,632.0854166666667,2000.690625,3401.5645833333333,5526.26875,10282.168750666666,11071.803127333334,9958.282292333331,1000.2885416666668,167.72395833333334,9208.104166666666,810.4010416666666,7943.626041666666,6048.808333333333,3582.273958333333
920.6104166666668,9978.513542,751.528125,7462.136458333333,3970.6145833333335,61.890625,3210.903125,2834.639583333333,76.20208333333333,9657.078125,5235.990625,523.815625,492.915625,1101.16875,5521.052083333333,5276.15,5220.775,206.00729166666667,4989.633333333333,618.3958333333334,1690.54375,2955.4020833333334,5067.759375,10219.700000666666,11071.891668,9796.177083666667,1042.8489583333333,162.42916666666667,8981.091666666667,692.9177083333333,7663.971875,5571.458333333333,3123.311458333333
1226.903125,12695.158335333334,797.14375,9049.940625333336,4318.144791666667,74.340625,3515.1666666666665,3079.596875,58.871875,12310.808335,5862.509375,771.6854166666667,443.28541666666666,1225.253125,6137.748958333334,5895.896875,5848.059375,211.69583333333333,5633.986458333334,745.59375,1782.2302083333334,3227.5875,5698.510416666667,13350.364584666668,14012.223962,12339.141668666667,1338.8145833333333,193.64479166666663,11244.514585,715.921875,9429.794793666666,6113.451041666666,3411.414583333333
1301.0895833333334,13934.627084666668,774.9635416666666,9750.309375,4489.395833333333,83.56666666666666,3708.955208333333,3228.021875,54.78125,13214.482292666666,6062.5625,1359.6729166666669,418.3239583333333,1253.290625,6293.166666666667,6088.530208333334,6050.486458333334,210.0625,5878.378125,960.1010416666668,1897.340625,3396.7125,5923.435416666666,14816.375001333334,15997.486460000002,13379.44896,1199.56875,206.9364583333333,11536.286461333331,693.5583333333333,10011.641668,6242.585416666667,3606.965625
1031.7270833333334,15573.385416666666,766.5270833333333,10847.210416666669,4173.0375,76.27083333333333,3395.4666666666667,2971.6875,48.99583333333333,15332.466666666667,5622.675,2558.91875,391.1666666666667,1246.8041666666666,5984.3125,5691.554166666667,5597.866666666667,214.47708333333333,5313.41875,798.74375,1666.44375,3119.491666666667,5420.279166666666,15988.558333333332,16753.285416666666,15416.6875,1314.8041666666666,164.90208333333334,12609.93125,637.75,11061.7,6082.029166666666,3302.114583333333
1238.3083333333334,16957.752083333333,1267.81875,9997.283333333333,4803.26875,71.075,3548.5020833333333,3177.079166666667,44.19166666666667,16277.0875,6589.260416666667,1792.375,375.23333333333335,1590.6125,6738.275,6628.220833333334,6557.858333333334,227.19791666666663,6125.610416666666,539.9645833333333,1545.3270833333331,3277.0020833333333,6155.564583333334,17877.933333333334,18139.04375,16155.977083333331,2825.475,177.4875,14493.50625,614.1958333333333,10297.454166666666,6313.75,3430.325
1805.4145833333332,27101.77708333333,1155.85,15197.310416666667,5112.34375,14.366666666666667,3917.370833333333,3363.1854166666667,44.26458333333333,25915.34375,8050.45625,3259.9375,515.15,1484.925,8918.11875,8205.427083333334,7993.125,473.3979166666667,7255.972916666667,3194.172916666667,1819.5333333333333,3413.88125,7495.185416666666,29048.21458333333,33057.177083333336,26039.866666666665,4064.3375,328.6708333333333,21773.05,632.975,16036.254166666668,9140.641666666666,3699.304166666667
2022.4166666666667,19892.854166666668,1470.4416666666666,13809.558333333332,6394.604166666667,81.13333333333334,4928.266666666666,4284.129166666667,36.49583333333333,19527.59375,9657.158333333333,2468.3479166666666,586.4770833333333,1821.3104166666667,10353.297916666666,9759.929166666669,9617.064583333333,544.2270833333333,8694.083333333334,2038.7875,2339.4354166666667,4505.383333333333,8939.514583333334,20902.522916666665,23222.391666666663,19490.960416666665,2487.75625,300.52708333333334,17077.658333333333,772.4208333333333,14058.566666666668,9922.227083333331,4762.41875
2199.820833333333,31820.38333333333,2735.46875,21767.985416666663,8214.4625,106.27916666666668,5400.0625,4252.864583333333,31.20208333333333,31537.814583333333,11613.227083333331,3853.360416666667,564.5270833333333,2161.641666666667,12578.935416666667,11739.764583333334,11574.166666666666,597.3,10856.064583333333,1060.2666666666669,2013.2854166666664,4568.133333333333,11110.6125,33148.19375,33898.941666666666,31351.691666666666,4105.6,351.75208333333336,27457.072916666668,794.9833333333333,22467.74375,12833.464583333332,4963.14375
2464.391666666667,33071.1875,2264.8,24440.0625,11677.26875,590.9833333333333,9389.79375,7953.3625,127.325,33028.18541666667,14401.716666666667,6200.385416666667,1134.43125,4070.63125,14455.1625,14368.552083333334,14406.802083333334,297.0875,14336.029166666667,1273.2645833333331,3767.20625,8736.027083333332,14329.872916666667,33472.895833333336,34810.520833333336,33024.825,1937.31875,463.1145833333333,26686.429166666665,1383.3625,24533.93333333333,13983.360416666666,9093.941666666668
3975.5104166666665,38198.25208333333,1374.4333333333334,29189.28125,12501.185416666667,162.49166666666667,11116.10625,10226.95625,289.775,38930.097916666666,17202.245833333334,8533.358333333334,1945.5645833333333,3437.389583333333,17395.822916666668,17178.125,17203.36875,406.1145833333333,16711.422916666666,534.80625,6714.327083333334,10457.410416666668,16868.345833333333,38427.12083333333,38214.07708333333,38612.01875,1374.9479166666667,466.0520833333333,30386.125,2748.0604166666667,28916.764583333334,16961.495833333334,10843.570833333331
3543.445833333333,63636.9625,1015.9395833333332,39798.25,16721.39375,185.525,15696.133333333331,14882.504166666668,903.8625,62811.95,21005.175,19289.10208333333,3456.0958333333333,4021.66875,21530.65208333333,21060.341666666667,20986.39583333333,333.6625,20436.960416666665,259.00625,10804.71875,15123.283333333333,20691.675,64819.20208333333,65313.82916666667,63097.285416666666,1740.4270833333333,419.53333333333336,42959.80833333333,4169.2375,40620.1125,21684.45833333333,15503.44375
2533.467708333333,66311.70625133334,3405.891666666667,41134.867710666666,21810.09271,426.3104166666666,18396.16979333333,16933.150002,1134.00625,64205.77708466667,25755.32708533333,17977.107293333334,4057.077083333333,5107.752083333334,26558.83645933333,25905.79687733333,25687.932294,505.4875,24632.45937666667,288.02708333333334,11614.533335333334,17693.789584666665,24904.229168666665,67902.93020999999,68905.95625133332,64614.42916933333,2849.6052083333334,446.04583333333335,45797.694794,4218.813541666666,41771.28854333333,26359.864585333333,18133.409377333337
1131.353125,47245.10833533333,1603.95625,30704.326044666665,13763.334377333334,83.1625,12158.097919333337,11591.163544,1083.825,44703.023960666666,15463.370836,7978.908333333334,3125.864583333333,3701.508333333333,16274.985419333334,15557.526044,15438.473960666666,295.5989583333333,15034.284377333332,3912.359375,7841.001041666666,11746.862502666669,15165.643753333334,48661.20208533333,54186.806253333336,45431.310419333335,2276.458333333333,288.396875,35816.59271133333,2714.020833333333,32041.158335333334,16954.23125266667,12041.938543333332
1867.2052083333333,32616.73958466667,1866.734375,22884.426044666667,14276.360419333334,127.12083333333334,12383.082295333334,11748.24896,945.709375,31488.885418,16861.026044000002,3248.4947916666665,2972.8416666666667,3302.2916666666665,17590.857294666665,16987.059376666668,16827.061461333335,382.42083333333335,16299.382293333334,4988.423958333334,8398.491666666667,11940.437503333333,16486.726044666666,33458.576044,39495.03958466667,31818.630208666666,3173.290625,330.25104166666665,27794.60208666667,2639.7854166666666,23548.32396066667,17759.831252,12272.906252
750.4583333333334,20983.485418666667,798.628125,16509.450002,12146.033335333334,118.13958333333332,11322.978126333332,10670.043751666666,811.475,20315.763544666665,13479.358334666667,1466.5770833333331,2700.278125,2506.3083333333334,13975.00417,13577.321876666663,13452.469795333334,206.834375,13075.760418666669,3581.225,8094.182292333334,10937.418751333336,13246.845834666668,21438.16666933333,25583.490627333336,20538.187502666668,1410.6625,163.9,18603.39896066667,2378.413541666667,16835.680210000002,14289.506252666668,11179.982293
688.603125,15845.642189333334,1903.669271,13902.176043333337,12197.593230666667,194.3125,10337.686980333334,10111.495313066667,999.1114584,16049.351564,12759.381252,938.0119791666668,2482.0244793333336,3039.4911460000003,12682.635938666666,12725.915106,12765.323960000002,205.96041666666667,12824.915106,1321.7177084666666,7050.4916668,10271.833334533332,12722.327605333334,16132.075522666668,17717.452085333334,15913.027606,1670.8593751333333,139.15989583333334,15260.827085333332,2387.8968752,13601.117188666663,12079.355210666668,10330.947917
678.5791666666667,20814.341668,1361.1052085666668,17398.890626666667,14245.712501333332,160.52708333333334,12869.248438,12475.922396666669,1068.4713543333332,20703.42396133333,15229.601042666667,732.5375,3559.9177087333333,3032.561458466667,15534.380730666666,15273.272918666666,15214.253125333336,204.7125,15010.346355333331,1414.1635419333334,9408.1369798,12677.668751333336,15078.1625,21233.188542666667,23324.059896666666,20772.65520933333,2011.2625002666668,137.321875,19839.17448133333,3042.4328127333333,17534.629688,15643.351563333334,12806.707294
665.6213541666667,23289.75573,2824.9869794,20944.328126,18116.906252666668,206.94479166666667,15289.585417333332,14761.60573,1090.7057295333334,23901.074480666663,19149.718751333337,625.475,3588.4635418666667,3737.1036461333338,19386.486982,19185.604688666663,19136.24948,204.72291666666663,18866.082292,1030.6739585,10964.113022066666,15049.472397333331,18930.66458533333,23283.562500666667,24252.431772,23719.934376,2575.1692710666666,142.75885416666668,23412.78333466667,3569.1281252,20816.919792666667,19269.86562533333,15203.918752666668
637.5125,29212.247397333333,4667.079687666667,21341.86771,17553.49271066667,177.89114583333333,12840.353127333334,12268.477605333332,987.9026043,28759.331252666667,19050.58073133333,555.9046875,3206.5041669333336,3499.0635418666666,19479.890625333333,19135.797918666667,19017.701044,205.0145833333333,18360.05520933333,1193.8125000666666,8706.125521066666,12553.605732,18506.482814666662,29809.2,31529.639064666662,28887.38125,6007.369792,131.29635416666667,28028.413543333336,3498.2968752,21621.543750666668,19706.153126666668,12734.822396
617.3875,17232.982293333334,954.2546875666668,13202.834376666668,9713.140625266667,76.15885416666667,8734.137500533334,8260.234375266667,755.365625,16368.042710000002,10856.647397666668,511.47552083333335,2351.7822918666666,2481.686979466667,11315.348958666667,10931.471876666668,10832.2630222,203.28333333333333,10480.606250866667,1979.2260419333331,5729.3463544,8441.0583336,10628.583855533334,17802.333334666666,20474.397919333333,16646.870312666666,1602.5369794,118.2,15566.552604666667,2240.007812733333,13611.827085333332,11695.133856666664,8623.9093756
590.7677083333333,13587.740625333334,1281.966666733333,10544.3260434,7616.049479333334,88.13072916666667,6326.351562733334,5879.401562733333,609.3026041666667,13313.482813333334,8675.2994794,471.6515625,1548.0651044666663,2017.1463544666667,9005.781771200001,8728.351041866666,8652.955208466667,202.6984375,8312.612500333335,976.8354167,3808.4864584666666,6064.837500266667,8415.470833533333,13818.296876,14976.99271,13409.863543333331,1739.978646,110.15104166666669,12722.193231333333,1420.8104168666666,10776.411459666668,9155.361459,6227.5020836
613.315625,13542.655209333334,996.6666667666668,8929.256771733333,5661.823958666667,51.43541666666667,4645.844791866666,4332.162500333334,501.8765625,12787.76146,6728.306250266667,517.7078125,1189.6578127333337,1550.3614586,7136.967708733334,6789.979687800001,6706.154166866666,203.9203125,6385.021875266667,779.4479166666666,2743.6473960666667,4443.293229533333,6495.656771066667,14213.080210000002,15285.68073,12967.109376666667,2295.8104169333333,107.57760416666666,12001.894272666666,952.3734375666668,9279.526562866668,7424.748437866667,4573.5494794
553.0078125,11342.4390632,725.9833333333333,7613.687500266667,4594.930208666668,39.39895833333333,3854.914062666667,3587.169791866667,403.59791666666666,10601.2822928,5468.963541866667,972.5859377,988.4864584333334,1224.634896133333,5790.161979466667,5511.440625333334,5453.5046876666665,201.14479166666663,5235.045312733333,1061.7994794666668,2319.5734378,3678.4234378666665,5317.271354466667,12037.849479333332,13555.44271,10793.644272466669,1192.8104168333334,101.76666666666668,9405.434375666666,789.59375,7895.837500266667,5941.5156254,3794.154687733333
538.5515625,8721.959375266666,647.3963541666667,6408.514062733333,4208.432292,35.446354166666666,3551.804166866667,3301.6994794,320.8895833333333,8434.0062502,4984.255729466667,751.9286458333333,840.0338541666666,1125.7671876666668,5222.304166933333,5009.1932294,4973.4218752,200.2359375,4809.497916933334,842.1114583666666,2132.0937502666666,3384.952083466667,4861.423958666667,9034.943750266666,10050.470834,8530.895833533334,874.6276041666666,104.03645833333331,7583.157812733333,755.5703125,6522.963541866667,5228.0145836,3495.272917
539.2932291666667,8168.828125,600.1526041666667,6026.583333333333,3919.8635416666666,30.37239583333333,3317.733333333333,3088.0723958666667,251.659375,7944.592708333334,4725.589062533333,528.728125,701.9552083333333,1090.6005208666668,4955.7057292,4748.859895866667,4714.117187533334,194.90572916666667,4513.1890625333335,577.85625,1959.1796875333332,3160.91875,4574.172916666666,8460.7901042,9026.702083666669,8038.731770866667,911.6213541666668,97.3046875,7289.351041666667,692.5947916666667,6169.851041666667,4988.457812533334,3266.661458333333
498.9041666666666,8198.75,590.7135416666666,5718.244791666667,3539.991666666667,25.011458333333334,2940.2697916666666,2723.655208333333,199.35208333333333,7843.116666666667,4322.4625,552.25625,587.6885416666667,1058.096875,4610.598958333333,4358.20625,4308.883333333333,188.090625,4108.427083333333,516.6927083333334,1629.74375,2788.534375,4184.109375,8661.594791666666,9431.907291666666,7942.519791666667,1088.4979166666667,88.73645833333333,7168.19375,586.4510416666667,5862.033333333334,4710.94375,2889.5958333333333
566.6145833333334,7490.7,556.9520833333333,5267.186458333334,3397.383333333333,32.90625,2844.7291666666665,2671.7072916666666,160.02395833333333,7203.272916666667,4099.873958333334,548.0302083333333,522.6489583333333,1145.7125,4273.8375,4111.653125,4092.836458333333,181.3895833333333,3988.245833333333,620.453125,1492.7135416666667,2722.36875,4005.3229166666665,8002.138541666666,8754.362500333335,7239.382291666667,995.396875,94.92708333333331,6534.391666666666,543.3072916666666,5387.371875,4224.751041666666,2807.305208333333
504.8208333333333,9023.903125,606.9604166666667,5752.739583333333,3388.677083333333,50.22604166666667,2772.4125,2536.364583333333,124.62916666666666,8675.253125,4152.947916666667,1038.7604166666667,458.553125,1155.7885416666666,4400.227083333333,4180.929166666667,4141.048958333334,174.01979166666666,3958.523958333333,718.3135416666667,1344.896875,2623.778125,4021.788541666667,9481.185416666667,10476.351042,8769.059375,1366.9770833333334,87.37395833333333,7505.458333333333,519.1145833333334,5921.722916666667,4466.19375,2719.625
772.1854166666667,7427.529166666666,635.4166666666666,5211.414583333333,3623.064583333333,30.4625,2983.7916666666665,2743.9,94.52083333333331,7300.591666666666,4498.510416666667,683.9083333333333,406.3708333333333,1294.5,4535.90625,4486.064583333334,4496.185416666666,168.59791666666666,4420.691666666667,575.84375,1402.8125,2804.2770833333334,4401.941666666667,7614.697916666667,8126.4625,7335.29375,1116.35,132.85625,6518.6,517.8916666666667,5263.933333333333,4307.666666666667,2919.73125
1147.2958333333331,8689.675,779.2104166666667,7137.572916666667,3675.68125,14.635416666666666,2885.022916666667,2689.664583333333,69.10833333333333,9165.633333333331,5280.022916666667,942.7208333333332,380.00416666666666,1344.2416666666666,5551.88125,5325.427083333333,5259.052083333333,165.27083333333334,4921.508333333333,309.5145833333333,1301.6083333333331,2722.427083333333,5038.075,8952.554166666667,9227.797916666666,8931.8875,1485.99375,114.89791666666666,8313.8125,466.48125,6884.08125,5578.389583333334,2823.80625
1146.4375,15221.758333333331,642.425,8808.604166666666,3111.2479166666667,0.0229166666666666,2477.329166666667,2426.489583333333,47.35208333333333,14917.55,4831.439583333334,2461.1,344.24791666666664,1299.525,5012.316666666667,4854.225,4809.564583333334,189.89166666666668,4341.158333333334,490.58125,1104.4604166666666,2404.975,4491.129166666667,15297.75,15472.670833333334,14839.7875,1779.05625,95.18541666666668,12003.7875,413.64375,9346.4125,5012.41875,2447.63125
2067.04375,18007.1625,2241.5979166666666,13847.814583333333,6402.214583333333,101.69375,4163.24375,3514.795833333333,45.35625,18870.472916666666,8764.34375,3319.6041666666665,377.3833333333333,2132.2770833333334,8758.435416666667,8759.3875,8751.529166666667,196.7333333333333,8525.558333333332,1000.7375,1318.9291666666666,3679.4791666666665,8551.895833333334,18024.4875,18432.754166666666,18463.827083333334,1919.1520833333332,327.49791666666664,15606.633333333331,502.4020833333333,13518.24375,8198.1625,3975.0625
2118.1916666666666,27903.104166666668,1280.7541666666666,18008.745833333334,5137.089583333333,1.9,3860.9979166666662,3635.070833333333,35.35208333333333,27140.05625,8210.572916666666,4133.033333333334,376.8666666666667,2360.210416666667,8579.879166666668,8271.95625,8176.277083333333,221.35,7421.86875,1269.2625,1237.18125,3649.1541666666662,7625.4625,28627.8375,30556.05625,27284.822916666668,2580.297916666667,151.74375,22640.004166666666,486.93958333333336,18901.983333333334,8731.066666666668,3773.84375
1940.4208333333331,24904.89375,1112.9625,13795.56875,5271.335416666667,0.3479166666666666,4161.247916666666,3828.31875,50.020833333333336,23663.42708333333,7831.766666666666,4054.91875,419.9166666666667,2264.741666666667,8020.977083333333,7844.81875,7806.64375,311.6791666666667,7312.39375,1559.54375,1509.3875,3838.5104166666665,7400.5625,26229.952083333334,28491.795833333334,23870.36875,2341.577083333333,257.07916666666665,19052.94583333333,597.6791666666667,14789.3,7808.5125,4039.9166666666665
2635.270833333333,25964.777084666668,3071.305208333333,16904.497917333334,8602.230208333332,4.05625,5479.061458333334,4636.922916666666,488.265625,25378.21770933333,12681.117708333331,2746.009375,949.0927083333332,2266.70625,13298.695833666668,12740.105208666668,12639.561458666669,489.3666666666667,11626.444791666669,1452.0125,2287.775,4703.416666666667,11904.739583333334,26898.77916733333,29234.934376,25530.350001333336,4376.615625,588.0104166666666,22338.625001333337,925.953125,17322.111459333333,13408.057293,5259.807291666667
3235.992708333333,33600.387502666665,1186.503125,22339.252086,8657.385416666666,0.3,7397.235416666666,6671.963541666667,780.3895833333333,34333.887502666665,14187.095835333334,6276.326042,1854.3854166666667,2154.797916666667,14905.621876333336,14282.147918,14129.877085333334,654.7010416666667,12456.131253666668,2216.4020833333334,4479.375,6689.554166666667,12867.219793,35745.350002,38006.67083666667,33643.014586,3771.6760416666666,475.7,27900.059378,1553.9927083333334,22821.28021133333,14809.341668,7127.877083333334
1839.5260416666667,47630.81979533334,3408.445833333333,25631.51146133333,14271.226044,67.76041666666667,10788.037501666666,10178.167708666668,1795.8739583333331,43989.10833533333,17835.102086000003,8054.304167666666,2897.6510416666665,4218.454166666666,18511.783335333334,17899.434377333335,17775.862502,826.0739583333333,16511.134377333332,4792.177083333333,5928.871875,10212.030209666667,16656.848960666666,51132.20729533334,58546.86354533334,44757.54583466667,5568.978125,491.88958333333335,34694.31771066667,2149.313541666667,26986.06771066667,17972.645835333333,10548.626043333332
2311.3104166666667,30862.413544000003,2335.1822916666665,22361.79791933333,16021.751044666666,829.7822916666667,13638.847919333331,11454.081253,1558.86875,29303.077084666667,19039.800002666667,3095.940625,3261.3625,4313.255208333333,19696.47916933333,19143.51250266667,19010.681252,622.4947916666666,18585.75937666667,5358.75625,7073.290625,12514.609376666667,18666.714586,33386.03646066667,40426.53646066667,29501.033336,2472.657291666667,774.95625,25814.20521133333,2349.3125,22438.806252,19066.502086666667,13286.50417
3070.561458466667,36769.49896066667,2333.7953126,28066.513544666665,20199.435940666663,961.8401042,17819.893230666665,15122.682812666666,1353.3901043333333,35941.679690666664,24103.378126666667,2888.1026044,3745.8895834,4436.484896,24996.515626666667,24297.02343933333,24037.218752,484.9458333333333,23518.793750666668,3732.9713542666655,10533.354688333337,16540.563542666667,23662.17343933333,37969.153126,42039.41145866667,36099.69270866667,3707.382291733333,848.6770833333334,32823.41562666667,2933.3489584666668,28570.501564,25185.230730666663,17367.311461333335
1308.0932293333333,32510.340105333333,2102.0947918,26787.20156333333,21112.04062666667,516.8291666666667,19018.163543333336,17821.129688666668,1560.681771,32663.927085333333,23248.176564666668,2088.2750002666667,4594.0968752,4945.6614586000005,24437.212502,23546.593231333336,23157.735938,645.8677084333334,22481.786980666668,2356.856771133333,12737.931250666668,18596.938022,22554.414063333334,33645.515626,36473.46406466667,32374.669792666667,4023.108854733333,301.3125,30854.194794000003,3622.359375133333,26684.936981333336,24034.309898,18893.78958533333
860.2218751,37122.612502,1714.9656251666668,24791.05520933333,17852.508855999997,302.25104166666665,16120.070834666669,15328.710938,1335.5302084666666,34411.04427133333,19517.150523333334,2836.857812666667,4667.028125333334,4559.826562866667,20484.126042666667,19689.500000666667,19464.33177266667,392.75885416666665,18892.316668666663,4224.6578128,10684.031250466667,15795.840626666668,19080.641666666663,39105.918752,44457.172398,35214.57708466667,3542.0348961333334,169.05885416666666,30691.471876666667,3546.8854168666667,25963.848438666668,21328.608334666667,16012.61823
1714.2700520866667,38756.90911666667,4211.339062733333,26764.64323,18344.36093866667,306.39791668,14064.163282666666,12722.481510666668,1217.5325523333331,39460.036457333335,23189.971875333333,4363.814844,3290.329427333333,4533.2296876,24016.078386666668,23365.779949333333,23091.847656666665,556.18541668,20696.116408,3359.4091148,8089.737500133333,13255.367709333334,21335.964323333334,40055.00807466667,43541.5737,39034.084376,8149.679687733334,403.76848959333336,35446.691666666666,3049.1447918,26619.20026,23736.67344,13745.373437333334
2139.902343933333,40389.50416733334,4305.761458533333,26982.09062533333,18061.085416666665,172.40546877333333,13681.584636,12277.619531333334,1250.9718751333337,39145.620052666665,23264.913542666665,2306.1427084,2944.7190106666667,3778.289323066667,24498.11067733333,23498.74271,23154.87474,824.9953126133333,20805.94218733333,5544.1455732,8399.172135733334,12624.023438,21273.369532,41556.37838533334,47948.809116,39522.516928000005,8390.3643228,703.4270833533334,36508.247396666666,3344.643489666667,27323.13567666667,24640.71119733333,13309.173179333333
1113.536458433333,27136.93776133333,2056.9739584666668,19398.222657333336,13337.7414072,147.9966145966667,11204.4677084,10094.462240133334,908.56250004,25665.669792,15933.033855333337,1121.69479176,2292.6369793333333,3145.7927085333336,16807.096875333333,16090.194793333334,15875.875781333334,349.7000000266666,14837.502604,2465.0934896666668,6852.350000266667,10491.580989266666,15201.791146666666,27980.53697933333,31259.771614666668,26171.62031266667,3329.9484374666663,299.98750003333333,24044.74505266667,2528.261198066667,20127.67031333333,17551.078646666665,10933.5843752
1423.806250073333,19101.245313333333,934.98567712,14157.423178,7862.705208466667,67.65625,6887.313281333333,6306.9682293333335,691.50807294,18624.793750666668,10644.848959533332,940.5231771,1502.9966146,2441.0515625333337,11598.297917333331,10790.482813333334,10581.312241133332,628.6187500866668,9579.689843666663,1201.08671892,3817.681771000001,6476.174218866667,9887.459635733334,19526.62187533333,20977.503646666664,18770.605728666666,2304.7583334666665,194.40937503333333,17474.791146666666,1479.5333334666668,14560.781771999998,11872.066406,6712.1921876
1058.7359376133334,16644.124218666668,872.43255216,11600.1565104,6377.315625,118.29869793,5480.808593866666,4914.608333533333,541.8994791933334,15577.569791333332,8127.072916133333,1147.0031251533333,1213.1059896666666,2041.3348959333332,8723.304167066666,8221.941146000001,8094.347395799999,272.99843752666663,7610.1315108,1271.82083342,2819.6364585333336,5142.236198,7807.198177,17312.976824666668,19170.563282000003,15922.016145333331,1503.8161458866666,158.73619794666666,14073.574740666669,993.1083334333332,12070.089843533333,9159.3138024,5356.729427266667
653.4075521,10998.7375,663.0739583533334,7858.5765626,4708.3276043333335,32.73411458333333,4031.9632814,3712.5825522666655,403.7151041866666,10586.426563,5776.004687733333,899.0932291933333,954.69583338,1453.6864585333335,6083.641145933333,5822.3281252,5758.201562666667,205.94375002,5478.5632814,1027.39583342,2221.713802266667,3807.2497396666663,5573.952604133333,11299.985677333334,12595.957552666669,10733.0710932,1089.9122395666666,121.06197918666666,9530.884636533334,784.7802083533334,8124.536458466667,6189.142969,3949.801562666667
1015.7114584,12994.068752,752.0239583333333,8556.3630212,4164.302083533334,23.9921875,3402.5880210666664,3110.5411460666664,282.8036458333333,12641.450002,5912.095312733333,744.2880208333333,769.7447916666666,1212.7776044,6501.619271066666,5988.6588544,5876.147916933333,384.7494791666667,5296.182292,1061.7260418,1864.1432295333327,3190.1432294,5461.459375333334,13289.980210666668,14575.330208666668,12732.505208666667,2174.728646066667,111.70625,11690.194270533331,664.9703125,8906.4197924,6637.665625199999,3322.151041933333
675.0291666666667,9402.288021266666,560.353125,6452.3119793333335,3515.304166866667,19.69427083333333,2948.2494794,2706.7312501333336,203.33020833333333,8896.365625133334,4505.644270933333,672.8203125,619.228125,1059.4031252,4783.294271066667,4544.2421876,4490.8937502,204.003125,4269.4572918,1380.0239586,1617.7890626666667,2766.1312502,4335.3557294,9849.759375333331,11617.526564666668,9060.454687733332,1083.3312501,109.11770833333334,8055.4979168,607.1588541666666,6673.3807294,4835.778646000001,2882.7593752666667
1665.8677083333334,10203.205209,751.4760416666667,7937.259375333333,3833.2229166666666,36.89375,3077.567708333333,2687.7322916666667,157.51666666666668,10500.968751666664,6050.875,600.3791666666667,511.796875,1170.390625,6324.138541666666,6066.917708333333,6032.304166666667,339.059375,5630.067708333333,978.1333333333332,1467.7583333333334,2777.0979166666666,5745.721875,10378.260418,11319.190627666669,10357.460418333332,1534.3041666666666,199.12708333333333,9877.486459333331,543.6833333333333,7978.665625333333,6044.145833333333,2971.41875
1207.59375,13030.051044,538.5645833333333,8548.128125,3465.275,39.80625,2916.975,2576.828125,130.26770833333333,12010.531253333333,5082.716666666666,892.9708333333333,451.5239583333333,1135.5239583333334,5534.54375,5141.873958333334,5060.928125,274.7645833333333,4770.084375,1054.43125,1389.6510416666667,2678.240625,4872.980208333333,13901.535418666666,15334.208336000002,12242.938544,1206.9666666666667,137.38020833333334,10635.388543333333,516.3052083333333,8996.552083666667,5776.509375,2827.990625
1172.4322916666667,16930.121877999998,600.7614583333333,9897.028125666666,3216.2770833333334,21.721875,2615.771875,2375.3302083333333,106.20625,16445.784378666667,5060.825,2006.3395833333332,415.859375,1123.5041666666666,5604.302083333333,5136.604166666667,5023.657291666666,423.7572916666667,4466.798958333334,1209.9489583333334,1219.6510416666667,2433.786458333333,4582.675,17609.630211333333,18818.022919333333,16376.633336666668,1874.16875,109.65729166666668,14077.053127333334,476.678125,10725.453126333334,5541.6125,2548.973958333333
680.2322916666667,18617.378128,535.9552083333333,9860.107293,3013.020833333333,22.42708333333333,2467.8541666666665,2247.390625,82.21770833333333,16895.28542,4135.882291666667,3246.914583333333,382.31458333333336,1103.3041666666666,4603.385416666667,4197.973958333333,4111.033333333334,253.2302083333333,3774.579166666667,2449.9239583333333,1106.15,2303.9260416666666,3878.1875,20072.91667,23335.39896066667,17398.089586000002,1571.953125,105.17604166666666,12976.100002,438.721875,10648.003126,4949.379166666667,2412.3458333333333
878.853125,12550.664584666669,671.0322916666667,7422.644791666667,3077.503125,16.836458333333333,2415.6208333333334,2239.677083333333,64.36354166666666,12388.267710666669,4373.088541666667,2125.3072916666665,344.53229166666665,1197.8958333333333,4594.702083333334,4400.202083333334,4358.24375,270.478125,4016.71875,1357.5270833333334,1013.94375,2267.579166666667,4087.75,13079.962502,14609.571876,12343.059378,1753.1854166666667,115.24375,10108.896875,391.578125,7838.234375,4391.166666666667,2366.944791666667
1860.7375,23207.679170000003,797.184375,16395.206252333333,3515.373958333333,0.1083333333333333,2720.179166666667,2557.9947916666665,46.90625,23647.10729533333,6287.995833333333,3366.7854166666666,340.9052083333333,1482.1895833333333,6890.145833333333,6334.444791666667,6254.1625,565.8020833333334,5551.939583333334,1476.6447916666666,1043.2302083333334,2541.288541666667,5745.638541666666,23845.406252666668,24931.516668000004,23257.426044666667,2561.848958333333,179.72083333333333,19855.297918666667,354.921875,16582.966669333335,6666.402083333333,2649.989583333333
2639.66875,35311.472918,1402.8697916666667,23501.38958533333,5484.922916666666,112.45104166666668,4061.289583333333,3233.76875,31.985416666666666,35280.080211333334,9371.369793333331,8891.975000666665,354.3114583333333,1932.1114583333333,9917.251042666669,9391.904167,9358.755210333333,607.1875,8408.720833666666,1809.9791666666667,1237.3989583333334,3430.896875,8656.823959666666,36341.38854333333,38001.26562666667,35097.88437666666,1989.9145833333332,367.7864583333333,26052.19791933333,426.165625,23683.54166933333,9502.438543333332,3747.580208333333
3270.8145833333333,53285.186462000005,2004.11875,31241.910419333333,7622.953125,157.76770833333333,5574.882291666667,4236.039583333333,23.647916666666667,52423.291668666665,12238.378127333332,15830.000002666668,387.5416666666667,2686.694791666667,12940.136460666668,12303.479168666669,12207.131252,504.6125,11295.036459333332,1123.7,1474.465625,4650.946875,11618.460419666666,54545.34583600001,55512.04896133333,52615.03333600001,2388.735416666667,565.1583333333333,35865.617710666666,531.3760416666667,32396.006252,13174.435419333337,5212.471875
3615.5354166666666,38425.01979466667,683.3614583333333,23213.483336,6687.135416666667,36.43229166666666,5981.564583333334,5127.827083333334,58.39895833333333,36045.54271,11449.236461333332,9243.730209333333,550.9197916666667,2809.571875,12280.477084666669,11550.303126,11408.598961333331,585.9645833333333,10507.860418333332,681.1520833333333,2216.046875,5261.404166666666,10813.806251666663,39892.92187666667,41819.01354466667,36749.572920666666,1433.0,602.7791666666667,26247.84896066667,875.596875,24032.35416933333,12234.592711333333,5804.369791666667
3240.990625,29487.096877333337,1025.96875,20583.903126666668,10593.411461333331,65.96770833333333,9589.936459,8749.645833999999,932.2354166666668,28266.30833666667,13912.002086,5210.323958333333,1825.5875,3706.078125,14124.14167,13888.589585333331,13912.579169,450.70520833333336,13838.361459,323.83020833333336,4911.865625,8881.440625666666,13785.911460333333,30923.83437666667,31198.01041933333,28312.790627333336,1540.5385416666666,708.0916666666667,22759.471877333337,2152.896875,20801.585419333333,13714.959377333334,9487.959375666664
3819.498958333333,46690.609378,606.0104166666666,32376.827084666667,14023.727086,5.464583333333334,13406.054169333334,12263.35521,1481.284375,49097.72396,18424.65208666667,13584.895836000002,2686.6072916666667,3762.3645833333335,18710.741669333333,18405.376044666667,18418.64271066667,426.0895833333333,18036.433336,169.36770833333333,8440.195833666667,12334.339585333331,18128.733336666668,47025.73646199999,44875.581252,48083.31666933333,1868.7854166666664,841.959375,35117.643752,3601.702083333333,32407.410419333333,18102.129169333333,13111.938544
6812.890625,114146.80626133332,2734.3020840000004,69022.127086,20789.092710666668,73.27604166666667,18106.910420666667,16242.87396,1818.6010416666663,108382.478138,28992.11771133333,23632.070836000003,3884.563541666667,4458.539583333333,30520.890628,29027.80521066667,28946.94271066667,1222.9864583333333,27940.33750266667,1099.3625,11568.008336666668,16457.731251333335,28207.503128,120293.85313533334,123482.21876533332,109711.06667733334,3249.740625,1167.2479166666667,81099.47500133333,4513.760416666667,73143.38229466666,30603.283335333334,17560.072919333335
1903.1802083333332,86433.364586,13767.625002,56744.098962,38781.707294,1797.6260416666669,25010.94896066667,22357.421876,2014.4802083333332,83461.59271133333,43304.468752,7404.456250333333,5009.640625,7936.270833666666,45586.44375266667,43860.25104466666,43112.389586000005,1103.7489583333331,41073.797920000005,13745.007293333334,14029.134378666668,24475.444793333336,41410.56354533334,90705.01355133332,107609.81251666669,84214.46458599999,13850.542711333334,507.3385416666667,75240.433336,5643.754166666667,58024.938544,45320.04687733333,24868.21666933333
2171.142187733333,59403.96406333333,5093.802604266666,45372.43489733334,29160.65989733333,575.0015625,23946.12864733333,22575.03489866667,1809.5854169333331,57534.854688666666,34019.738022,4581.520312733333,5317.2500002,7812.8854172,35228.02656466667,34264.547397333336,33936.75312666667,420.24895833333335,31849.12083533333,11156.420313666667,14590.309897333333,23423.096354666668,32626.356252,61153.740626666666,73996.95156333334,58070.738022,5475.085416733334,156.13125,52420.12343933333,5809.2901044,45990.33802266666,36015.771876,23704.63020933333
818.9635417333334,36203.570312,1998.1317709666664,25940.202084,18118.644272,325.6020833333333,16064.994273333334,14963.413542,1224.7098961000002,33792.146876666666,19923.73958466667,2613.8208336,3892.2390628666662,4806.335937666667,20672.385938,20064.994271333333,19880.660938666668,225.0192708333333,19206.960938,4266.3020836000005,9938.793230266669,15609.196356,19515.174480666665,37910.85937666667,43668.54583466667,34499.322396,3005.3703128,138.6171875,30557.950000666668,3604.9520836,26790.52812533333,21459.587502,15886.878647333331
632.6276041666666,23096.604168,714.4421875,16085.196354666668,11059.548439266666,104.93072916666668,10348.457292666666,10103.165104333331,930.540625,21787.806252,11921.776564,2703.6755212,2636.2093752,2909.613021133334,12217.486980666668,11967.646355333332,11903.26823,204.63333333333333,11731.827084,2420.4395836,7140.688021066667,10224.0656262,11764.147917333332,23959.578646666665,27179.85729333333,22271.64948,1544.8255212,119.01666666666668,18681.764584,2404.946354466667,16583.420833333334,12392.504168,10311.9911468
651.6140625,21224.526564666667,1193.7588543333334,18528.318751333336,15265.331251333331,341.0671875,14074.017189333334,13443.154167333332,1090.8395835666663,21286.091147333333,16180.809376,1607.3125002666668,2741.0552084666665,4834.313541933333,16395.573439333333,16209.502086,16168.521877333334,203.65572916666667,15984.466665999998,1551.7026044666666,8442.329166866666,13868.972398,16036.642188666669,22930.53177266667,24988.716146666666,21218.157292666667,1406.8708336666666,120.93020833333334,19843.332294000003,2654.2786460666666,18346.625000666667,16192.868751333332,14004.949479333332
767.5416667333334,21239.141668000004,1782.8526043,18096.896356,14365.515106,312.5109375,12569.406250666663,11716.216668,1007.234896,21329.344792,15470.113544,1290.0401044666664,2744.8536460666664,3938.935417,15728.710418,15513.438021333332,15453.991668666666,204.39895833333333,15206.249478666668,4213.744271066666,7486.968229399999,12257.512501333336,15292.379168,21652.93541733333,26066.231772000003,21362.94114733333,1761.6645835000002,250.65,20067.26771,2582.908854466667,18169.676042666662,15714.213022666669,12498.278126
1274.9348959666668,22685.140625333333,1098.31250004,17841.010678,14055.616146000002,195.71927084,12940.758074,12197.982553333331,877.8854166799999,21688.63047,15665.588802666667,1041.8322918266667,2872.7502606,3298.5138024,15859.551303333334,15690.322396666666,15653.923699333332,209.1247396,15437.544532,2393.1453128,8769.8619792,12550.083855333334,15500.029687333334,23740.398698666668,26797.995574,21994.31093866667,2002.8158857333333,238.21953127333333,20421.610418,3063.6377606666665,18041.95885533333,15762.860676666667,12810.128908
917.4260417133332,20759.929948666668,1006.88333336,15427.539844,10185.576823466668,103.22994792333334,9140.964844266668,8566.204167,705.29270836,19546.509114666667,11830.2658856,987.4338542466668,2061.963020933333,2641.7453125333336,12456.809114666668,11939.8481776,11796.184114733333,205.98411460666665,11298.513542,2042.1114584666668,5840.028125266666,8790.731250133333,11540.885677066666,21771.271614666668,24759.23802133333,19993.581250666663,1620.6330730666666,154.60729168666666,18173.155468666668,2290.158073,16030.532812666666,13118.7315108,9005.61198
964.5320313133332,15221.448438,870.0265625533334,12373.45573,8825.534895866667,79.70052083333333,7934.091406,7297.582812666666,594.8854166933332,15077.838802666667,10394.4882814,844.7408854333333,1666.1265626666668,1965.5841147333333,10652.757813333334,10442.150001,10371.883334466667,204.9322917,9949.213540866667,1326.39739602,5243.141927333333,7515.9174478,10102.723958866669,15608.997136666669,17121.94817666667,15165.260678,1675.4210937333332,199.08723960666663,14232.357813333334,1807.0518230666669,12426.022658,10578.306250933332,7775.753124933332
1017.3276040933332,15552.103907333334,812.9177084066667,10691.711979666668,6537.9864586,71.25625,5693.625521133334,5081.949218866666,477.7960937666667,14898.206250666666,8166.4645836,868.0460937666667,1143.287760466667,1672.9184896666666,8613.980469,8241.530989733334,8139.8890628,203.54531252,7723.570572933333,946.5489583466666,3333.7703128000003,5260.659635733334,7899.184375133334,15881.783854666666,17003.897657333335,15202.929686,2230.3424480000003,230.64765626666667,13743.884897333332,1242.836198,11071.0804692,8981.3523434,5524.334635533333
822.1947917333333,11553.779168,588.4010416666666,8449.302083466666,5066.049479466667,53.41979166666667,4460.485937666667,3933.2057294,335.26145833333334,10988.154167666666,6344.245312800001,758.1135416666667,890.4828125,1353.5703127333334,6716.417187800001,6402.7031252,6323.6666669333335,201.23072916666663,6011.216666933334,878.8276041666667,2490.208854533333,4095.0098960666655,6147.1119794,11975.859897333334,13120.159376,11206.574480666666,1102.5020835333337,210.86875,10061.3380214,928.1302084,8670.762500266666,6899.8312502,4336.220833466667
573.6796875,10223.45313,499.8671875,7103.265625,4224.0625,37.2734375,3723.703125,3462.210938,264.15625,9632.695313,5083.632813,690.1875,784.578125,1233.507813,5396.796875,5125.5625,5068.023438,200.546875,4862.578125,749.0859375,2168.734375,3545.117188,4934.03125,10563.26563,11582.61719,9898.914063,856.9375,117.6796875,8692.992188,808.0,7482.265625,5632.21875,3665.203125
